dataset,seed,forget_ratio,method,clients,affected_clients,forget_train,forget_test,retained_acc,retained_bacc,retained_auc,forget_scope_bacc,forget_scope_auc,mia_auc,mia_gap,l2_to_oracle,runtime,runtime_to_oracle,type_leak_auc,attribute_leak_auc,full_retained_bacc
German Credit,3,0.25,FedAvg-Full,12,10,53,97,0.7892156862745098,0.5113636363636364,0.7745738636363636,0.5,0.6922421142369991,0.44796732153277574,0.05203267846722426,0.033907075457276024,0.0037173750170040876,1.062423140948799,1.0,0.8653888888888889,0.5113636363636364
German Credit,3,0.25,SISA-Retrain,12,10,53,97,0.7843137254901961,0.5,0.7576704545454546,0.5,0.6508951406649617,0.4382415872398366,0.06175841276016342,0.12090274679247873,0.0018867079925257713,0.5392198049170429,1.0,0.8723,0.5113636363636364
German Credit,3,0.25,FedEraser-proxy,12,10,53,97,0.7892156862745098,0.5113636363636364,0.7710227272727272,0.5,0.6743393009377664,0.4440770278156001,0.0559229721843999,0.00014441813974762162,0.003040250012418255,0.8689012953194537,1.0,0.9056888888888889,0.5113636363636364
German Credit,3,0.25,FedRecovery-proxy,12,10,53,97,0.7843137254901961,0.5082386363636364,0.7788352272727272,0.5,0.6896845694799659,0.4483563509044933,0.05164364909550673,0.046287500112030595,0.0013878749741706997,0.3966536823855366,1.0,0.9011444444444444,0.5113636363636364
German Credit,3,0.25,Starfish-proxy,12,10,53,97,0.7843137254901961,0.5082386363636364,0.7789772727272727,0.5,0.6896845694799659,0.4483563509044933,0.05164364909550673,0.04123136385003374,0.0013607500004582107,0.3889013841541353,0.9786555555555555,0.6236666666666667,0.5113636363636364
German Credit,3,0.25,MA-ABE-FU,12,10,53,97,0.7843137254901961,0.5082386363636364,0.779971590909091,0.5,0.6896845694799659,0.4481618362186345,0.05183816378136552,0.04802818633524536,0.0016277499962598085,0.4652097934147815,0.6068555555555556,0.4861111111111111,0.5113636363636364
German Credit,3,0.25,Oracle-Retrain,12,10,53,97,0.7892156862745098,0.5113636363636364,0.7711647727272727,0.5,0.6747655583972719,0.44427154250145884,0.05572845749854116,0.0,0.0034989590058103204,1.0,1.0,0.8837111111111111,0.5113636363636364
German Credit,3,0.5,FedAvg-Full,12,10,106,97,0.7892156862745098,0.5113636363636364,0.7745738636363636,0.5,0.6922421142369991,0.4677105621474421,0.03228943785255789,0.0525565791351898,0.0037173750170040876,1.0760705470347376,1.0,0.8968666666666667,0.5113636363636364
German Credit,3,0.5,SISA-Retrain,12,10,106,97,0.7843137254901961,0.5,0.7664772727272727,0.5,0.659846547314578,0.46343123905854894,0.03656876094145106,0.12486741578286105,0.001867000013589859,0.540441498839312,1.0,0.8873888888888889,0.5113636363636364
German Credit,3,0.5,FedEraser-proxy,12,10,106,97,0.7892156862745098,0.5113636363636364,0.7805397727272727,0.5,0.6751918158567775,0.4670297607469364,0.03297023925306358,0.00033930088313817436,0.002990207984112203,0.8655771146287123,1.0,0.8915222222222222,0.5113636363636364
German Credit,3,0.5,FedRecovery-proxy,12,10,106,97,0.7843137254901961,0.5082386363636364,0.7779829545454545,0.5,0.6922421142369991,0.46819684886208907,0.031803151137910934,0.044550880462153074,0.0013103749952279031,0.3793149551728375,1.0,0.9058222222222222,0.5113636363636364
German Credit,3,0.5,Starfish-proxy,12,10,106,97,0.7843137254901961,0.5082386363636364,0.7785511363636364,0.5,0.6922421142369991,0.46800233417623033,0.03199766582376967,0.04104735174155645,0.0012240830110386014,0.3543359680632373,0.9916,0.6759666666666667,0.5113636363636364
German Credit,3,0.5,MA-ABE-FU,12,10,106,97,0.7843137254901961,0.5082386363636364,0.7795454545454545,0.5,0.6926683716965046,0.4679050768333009,0.032094923166699096,0.04606556753173542,0.0014520830009132624,0.42033524785235826,0.5892666666666667,0.4858777777777778,0.5113636363636364
German Credit,3,0.5,Oracle-Retrain,12,10,106,97,0.7892156862745098,0.5113636363636364,0.7808238636363637,0.5,0.6751918158567775,0.4671270180898658,0.032872981910134214,0.0,0.0034545829985290766,1.0,1.0,0.8937777777777778,0.5113636363636364
German Credit,3,1.0,FedAvg-Full,12,10,211,97,0.7892156862745098,0.5113636363636364,0.7745738636363636,0.5,0.6922421142369991,0.4738359310108956,0.026164068989104394,0.12525973059602163,0.0037173750170040876,1.0989210103752198,1.0,0.9219444444444445,0.5113636363636364
German Credit,3,1.0,SISA-Retrain,12,10,211,97,0.7843137254901961,0.5,0.7629261363636364,0.5,0.6304347826086957,0.4718815654468168,0.02811843455318319,0.13425266617920872,0.0018315420020371675,0.5414358191510716,1.0,0.9252666666666667,0.5113636363636364
German Credit,3,1.0,FedEraser-proxy,12,10,211,97,0.7843137254901961,0.5,0.7731534090909091,0.5,0.644927536231884,0.47940587286852004,0.020594127131479956,0.0009558212778177824,0.0029059170046821237,0.8590398429657011,1.0,0.9325111111111111,0.5113636363636364
German Credit,3,1.0,FedRecovery-proxy,12,10,211,97,0.7892156862745098,0.5113636363636364,0.7802556818181818,0.5,0.6909633418584825,0.47481311379293495,0.02518688620706505,0.07166264750300282,0.0012622500071302056,0.3731431579640728,1.0,0.9300666666666667,0.5113636363636364
German Credit,3,1.0,Starfish-proxy,12,10,211,97,0.7892156862745098,0.5113636363636364,0.7794034090909091,0.5,0.691389599317988,0.474715395514731,0.02528460448526898,0.07462745762217722,0.0011822920059785247,0.34950617568188097,0.9963,0.6908,0.5113636363636364
German Credit,3,1.0,MA-ABE-FU,12,10,211,97,0.7892156862745098,0.5113636363636364,0.78125,0.5,0.6909633418584825,0.4750574094884448,0.024942590511555174,0.07102945001624493,0.0014174999960232526,0.41903776743303756,0.6101444444444445,0.5099777777777778,0.5113636363636364
German Credit,3,1.0,Oracle-Retrain,12,10,211,97,0.7843137254901961,0.5,0.7734375,0.5,0.6453537936913896,0.4790638588948063,0.020936141105193706,0.0,0.003382749971933663,1.0,1.0,0.9154555555555556,0.5113636363636364
German Credit,7,0.25,FedAvg-Full,12,11,55,89,0.7877358490566038,0.5,0.7542248835662009,0.5,0.6121212121212121,0.5519918283963228,0.05199182839632277,0.0251800016985971,0.0036190410028211772,1.047656082781387,1.0,0.9117111111111111,0.5
German Credit,7,0.25,SISA-Retrain,12,11,55,89,0.7877358490566038,0.5,0.7382568196939454,0.5,0.5797979797979798,0.5483146067415731,0.04831460674157306,0.11690608024304888,0.0019000830070581287,0.5500444782422262,1.0,0.9098555555555555,0.5
German Credit,7,0.25,FedEraser-proxy,12,11,55,89,0.7877358490566038,0.5,0.7538256819693946,0.5,0.6,0.5491317671092952,0.04913176710929523,0.0002660767463999408,0.0033098749991040677,0.9581573332145955,1.0,0.8568333333333333,0.5
German Credit,7,0.25,FedRecovery-proxy,12,11,55,89,0.7877358490566038,0.5,0.7592814371257485,0.5,0.6166666666666667,0.5477017364657815,0.047701736465781464,0.047222232591318115,0.001515084004495293,0.43859325495260393,1.0,0.9171222222222222,0.5
German Credit,7,0.25,Starfish-proxy,12,11,55,89,0.7877358490566038,0.5,0.7587491683300066,0.5,0.6151515151515151,0.5483146067415731,0.04831460674157306,0.041767189155912564,0.001225584011990577,0.35478750976311846,0.9648777777777777,0.6186222222222222,0.5
German Credit,7,0.25,MA-ABE-FU,12,11,55,89,0.7877358490566038,0.5,0.7595475715236194,0.5,0.6171717171717171,0.5483146067415731,0.04831460674157306,0.04902172971831285,0.0014755410084035248,0.4271461726027087,0.6318777777777778,0.5357111111111111,0.5
German Credit,7,0.25,Oracle-Retrain,12,11,55,89,0.7877358490566038,0.5,0.7536926147704591,0.5,0.6,0.5493360572012257,0.04933605720122569,0.0,0.003454417019383982,1.0,1.0,0.8889222222222222,0.5
German Credit,7,0.5,FedAvg-Full,12,12,110,89,0.7877358490566038,0.5,0.7542248835662009,0.5,0.6121212121212121,0.507150153217569,0.007150153217568955,0.05100482930077342,0.0036190410028211772,1.0593219444496291,1.0,0.8831333333333333,0.5
German Credit,7,0.5,SISA-Retrain,12,12,110,89,0.7877358490566038,0.5,0.7386560212907518,0.5,0.5828282828282828,0.5169560776302349,0.016956077630234878,0.12113697511930856,0.0018435840029269457,0.5396316287144596,1.0,0.8963555555555556,0.5
German Credit,7,0.5,FedEraser-proxy,12,12,110,89,0.7877358490566038,0.5,0.759148369926813,0.5,0.6055555555555555,0.5054136874361593,0.005413687436159331,0.0,0.0033766670094337314,0.9883771583145555,1.0,0.8868555555555555,0.5
German Credit,7,0.5,FedRecovery-proxy,12,12,110,89,0.7877358490566038,0.5,0.7596806387225549,0.5,0.6186868686868687,0.5034729315628192,0.003472931562819248,0.044165435243687184,0.00126862499746494,0.3713365772988921,1.0,0.9116666666666666,0.5
German Credit,7,0.5,Starfish-proxy,12,12,110,89,0.7877358490566038,0.5,0.759148369926813,0.5,0.6176767676767677,0.5036772216547497,0.003677221654749707,0.04041376973691953,0.0013559589860960841,0.39689992697665666,0.9806222222222222,0.6542777777777777,0.5
German Credit,7,0.5,MA-ABE-FU,12,12,110,89,0.7877358490566038,0.5,0.7595475715236194,0.5,0.6186868686868687,0.5035750766087844,0.003575076608784422,0.04561049336595606,0.0014459170051850379,0.4232313511373284,0.5986,0.5453888888888889,0.5
German Credit,7,0.5,Oracle-Retrain,12,12,110,89,0.7877358490566038,0.5,0.759148369926813,0.5,0.6055555555555555,0.5054136874361593,0.005413687436159331,0.0,0.003416374995140359,1.0,1.0,0.9065777777777778,0.5
German Credit,7,1.0,FedAvg-Full,12,12,219,89,0.7877358490566038,0.5,0.7542248835662009,0.5,0.6121212121212121,0.5220358114001334,0.022035811400133443,0.12188760468325387,0.0036190410028211772,1.091908773587612,1.0,0.9290555555555555,0.5
German Credit,7,1.0,SISA-Retrain,12,12,219,89,0.7877358490566038,0.5,0.7337325349301397,0.5,0.557070707070707,0.5266020214457955,0.026602021445795487,0.13065074719345368,0.0018087089993059635,0.5457095467195614,1.0,0.9142666666666667,0.5
German Credit,7,1.0,FedEraser-proxy,12,12,219,89,0.7877358490566038,0.5,0.7547571523619427,0.5,0.5858585858585859,0.5240880406341388,0.02408804063413883,0.0,0.0033040830167010427,0.9968821109750654,1.0,0.9042111111111111,0.5
German Credit,7,1.0,FedRecovery-proxy,12,12,219,89,0.7877358490566038,0.5,0.7608782435129741,0.5,0.6121212121212121,0.5220358114001334,0.022035811400133443,0.0718212671558002,0.0012575409782584757,0.37941543802238764,1.0,0.9164222222222222,0.5
German Credit,7,1.0,Starfish-proxy,12,12,219,89,0.7877358490566038,0.5,0.7599467731204258,0.5,0.6136363636363636,0.5217792827458827,0.0217792827458827,0.07438564350683557,0.001180624996777624,0.3562089490816504,0.9975111111111111,0.6980222222222222,0.5
German Credit,7,1.0,MA-ABE-FU,12,12,219,89,0.7877358490566038,0.5,0.7612774451097805,0.5,0.6121212121212121,0.5219845056692832,0.021984505669283227,0.07122874274814231,0.0013994999753776938,0.4222461974206204,0.5901,0.5126444444444445,0.5
German Credit,7,1.0,Oracle-Retrain,12,12,219,89,0.7877358490566038,0.5,0.7547571523619427,0.5,0.5858585858585859,0.5240880406341388,0.02408804063413883,0.0,0.0033144170010928065,1.0,1.0,0.9206888888888889,0.5
German Credit,11,0.25,FedAvg-Full,12,12,52,103,0.803030303030303,0.5125,0.7427215189873417,0.5,0.7316981132075472,0.46116504854368934,0.03883495145631066,0.034800924522928746,0.003562541998689994,1.08835305847116,1.0,0.8703111111111111,0.5125
German Credit,11,0.25,SISA-Retrain,12,12,52,103,0.797979797979798,0.5,0.7387658227848102,0.5,0.719622641509434,0.45108289768483945,0.048917102315160554,0.11764213273777704,0.0017713749839458615,0.5411533063148993,1.0,0.8910555555555556,0.5125
German Credit,11,0.25,FedEraser-proxy,12,12,52,103,0.8080808080808081,0.525,0.7367088607594937,0.5,0.7392452830188679,0.4426811053024645,0.05731889469753548,0.0,0.0034839170111808926,1.0643332025201975,1.0,0.8912,0.5125
German Credit,11,0.25,FedRecovery-proxy,12,12,52,103,0.8080808080808081,0.525,0.742879746835443,0.5,0.7422641509433963,0.45537714712471994,0.04462285287528006,0.04619429967608028,0.0012546250072773546,0.38328669933065157,1.0,0.8993111111111111,0.5125
German Credit,11,0.25,Starfish-proxy,12,12,52,103,0.8080808080808081,0.525,0.7431962025316455,0.5,0.7415094339622641,0.4548170276325616,0.0451829723674384,0.0412737996906947,0.0011526250164024532,0.3521258029612753,0.9806222222222222,0.6891111111111111,0.5125
German Credit,11,0.25,MA-ABE-FU,12,12,52,103,0.8080808080808081,0.525,0.7433544303797468,0.5,0.7430188679245283,0.4550037341299477,0.04499626587005229,0.047988304906513284,0.0013748749915976077,0.42002295065461664,0.5939888888888889,0.5217888888888889,0.5125
German Credit,11,0.25,Oracle-Retrain,12,12,52,103,0.8080808080808081,0.525,0.7367088607594937,0.5,0.7392452830188679,0.4426811053024645,0.05731889469753548,0.0,0.003273333015386015,1.0,1.0,0.873,0.5125
German Credit,11,0.5,FedAvg-Full,12,11,103,103,0.803030303030303,0.5125,0.7427215189873417,0.5,0.7316981132075472,0.48223206711282873,0.017767932887171267,0.04852690304576469,0.003562541998689994,1.0359614720336847,1.0,0.8992666666666667,0.5125
German Credit,11,0.5,SISA-Retrain,12,11,103,103,0.797979797979798,0.5,0.7329113924050633,0.5,0.7226415094339622,0.4766707512489396,0.023329248751060405,0.12119353188263017,0.0018677499901968986,0.5431282017017008,1.0,0.9166,0.5125
German Credit,11,0.5,FedEraser-proxy,12,11,103,103,0.797979797979798,0.5,0.7308544303797468,0.5,0.7350943396226415,0.4693185031576963,0.0306814968423037,0.00011571745318143711,0.003198874997906387,0.9302097358856207,1.0,0.8960555555555556,0.5125
German Credit,11,0.5,FedRecovery-proxy,12,11,103,103,0.8080808080808081,0.525,0.7422468354430379,0.5,0.7392452830188679,0.48025261570364786,0.019747384296352144,0.04307076911688768,0.0015747079742141068,0.45791370083212984,1.0,0.9050444444444444,0.5125
German Credit,11,0.5,Starfish-proxy,12,11,103,103,0.8080808080808081,0.525,0.7416139240506329,0.5,0.7373584905660377,0.48025261570364786,0.019747384296352144,0.03921601606270143,0.0012214580201543868,0.3551911666028895,0.9881333333333333,0.713,0.5125
German Credit,11,0.5,MA-ABE-FU,12,11,103,103,0.8080808080808081,0.525,0.7417721518987341,0.5,0.7384905660377359,0.47987557733999436,0.020124422660005636,0.044608540913070566,0.0014657919819001108,0.4262417172408887,0.6537444444444445,0.5164666666666666,0.5125
German Credit,11,0.5,Oracle-Retrain,12,11,103,103,0.797979797979798,0.5,0.7311708860759494,0.5,0.7350943396226415,0.4693185031576963,0.0306814968423037,0.0,0.003438874991843477,1.0,1.0,0.9017888888888889,0.5125
German Credit,11,1.0,FedAvg-Full,12,12,205,103,0.803030303030303,0.5125,0.7427215189873417,0.5,0.7316981132075472,0.46971347383376744,0.030286526166232564,0.12067247969692108,0.003562541998689994,1.1309208446945407,1.0,0.9228555555555555,0.5125
German Credit,11,1.0,SISA-Retrain,12,12,205,103,0.797979797979798,0.5,0.730379746835443,0.5,0.7086792452830188,0.46592469808193226,0.034075301918067735,0.1338490959059981,0.0017024160188157111,0.54042808835055,1.0,0.9350555555555555,0.5125
German Credit,11,1.0,FedEraser-proxy,12,12,205,103,0.797979797979798,0.5,0.729746835443038,0.5,0.7264150943396226,0.460620412029363,0.03937958797063701,0.0,0.003109666984528303,0.9871567027573723,1.0,0.9288333333333333,0.5125
German Credit,11,1.0,FedRecovery-proxy,12,12,205,103,0.803030303030303,0.5125,0.7408227848101265,0.5,0.7384905660377359,0.46564053990054466,0.03435946009945534,0.06818397590041836,0.0011691249965224415,0.3711360677591596,1.0,0.9167555555555555,0.5125
German Credit,11,1.0,Starfish-proxy,12,12,205,103,0.803030303030303,0.5125,0.7417721518987341,0.5,0.7373584905660377,0.4663035756571158,0.033696424342884224,0.0710756087609103,0.0011222500179428607,0.356255712554996,0.9981222222222222,0.7379333333333333,0.5125
German Credit,11,1.0,MA-ABE-FU,12,12,205,103,0.803030303030303,0.5125,0.7406645569620253,0.5,0.7384905660377359,0.4651195832346673,0.03488041676533271,0.0675996127689624,0.0015073749818839133,0.4785127553332501,0.6137333333333334,0.5036555555555555,0.5125
German Credit,11,1.0,Oracle-Retrain,12,12,205,103,0.797979797979798,0.5,0.729746835443038,0.5,0.7264150943396226,0.460620412029363,0.03937958797063701,0.0,0.0031501249759458005,1.0,1.0,0.9144666666666666,0.5125
Bank Marketing,5,0.25,FedAvg-Full,24,20,547,938,0.8798511009028988,0.49995499549954997,0.804390254328863,0.4994232987312572,0.8506100037363744,0.47075928791664556,0.029240712083354437,0.004241809549207775,0.04198583299876191,1.0686080615359896,1.0,0.8984333333333333,0.49995499549954997
Bank Marketing,5,0.25,SISA-Retrain,24,20,547,938,0.8798511009028988,0.49995499549954997,0.7905621168977056,0.5,0.8386536056013126,0.47090351325118984,0.029096486748810158,0.1516852870611905,0.01842716700048186,0.469001513166728,1.0,0.9057888888888889,0.49995499549954997
Bank Marketing,5,0.25,FedEraser-proxy,24,20,547,938,0.8798511009028988,0.49995499549954997,0.8042187859946944,0.4994232987312572,0.8501064054453595,0.4706559913932557,0.0293440086067443,7.470823244641214e-07,0.03877262497553602,0.9868266664374916,1.0,0.8919555555555555,0.49995499549954997
Bank Marketing,5,0.25,FedRecovery-proxy,24,20,547,938,0.879930302550293,0.50028481080298,0.812535118947251,0.4994232987312572,0.8568318793963319,0.4701628966683948,0.02983710333160522,0.09071220671442708,0.020766958012245595,0.5285530180172786,1.0,0.8750666666666667,0.49995499549954997
Bank Marketing,5,0.25,Starfish-proxy,24,20,547,938,0.8798511009028988,0.49995499549954997,0.8116514158012107,0.4994232987312572,0.8559871338759198,0.47025060126372575,0.029749398736274246,0.08034420417008124,0.01960212498670444,0.4989061139895952,0.9734777777777778,0.6331888888888889,0.49995499549954997
Bank Marketing,5,0.25,MA-ABE-FU,24,20,547,938,0.879930302550293,0.50028481080298,0.812967055280726,0.4994232987312572,0.8572542521565378,0.4701434067583212,0.029856593241678775,0.09454829436838674,0.023587166011566296,0.6003319202810793,0.6322111111111111,0.5079111111111111,0.49995499549954997
Bank Marketing,5,0.25,Oracle-Retrain,24,20,547,938,0.8798511009028988,0.49995499549954997,0.8042189047400782,0.4994232987312572,0.8501226505515214,0.4706559913932557,0.0293440086067443,0.0,0.03929020799114369,1.0,1.0,0.8858333333333334,0.49995499549954997
Bank Marketing,5,0.5,FedAvg-Full,24,21,1093,938,0.8798511009028988,0.49995499549954997,0.804390254328863,0.4994232987312572,0.8506100037363744,0.47100856975090566,0.02899143024909434,0.008890011975468785,0.04198583299876191,0.955186804720792,1.0,0.8962666666666667,0.49995499549954997
Bank Marketing,5,0.5,SISA-Retrain,24,21,1093,938,0.8798511009028988,0.49995499549954997,0.7903013520349397,0.5,0.8378088600809006,0.4708183692698447,0.029181630730155284,0.15151896028304893,0.020827250002184883,0.4738244536268871,1.0,0.9173333333333333,0.49995499549954997
Bank Marketing,5,0.5,FedEraser-proxy,24,21,1093,938,0.8798511009028988,0.49995499549954997,0.8039701331610734,0.4994232987312572,0.8496677875789919,0.4709510219130462,0.02904897808695378,1.1629476669075054e-06,0.04175737500190735,0.9499893357546564,1.0,0.8598777777777777,0.49995499549954997
Bank Marketing,5,0.5,FedRecovery-proxy,24,21,1093,938,0.879930302550293,0.50028481080298,0.8125430748879637,0.4994232987312572,0.8565882028039054,0.4709832096867642,0.029016790313235785,0.0909177274974043,0.020537709002383053,0.46723733309876686,1.0,0.9074333333333333,0.49995499549954997
Bank Marketing,5,0.5,Starfish-proxy,24,21,1093,938,0.8798511009028988,0.49995499549954997,0.8116495158750704,0.4994232987312572,0.8558896632389492,0.4709256618489047,0.02907433815109528,0.08061559569710244,0.02058779200888239,0.46837673235637645,0.9913222222222222,0.6867888888888889,0.49995499549954997
Bank Marketing,5,0.5,MA-ABE-FU,24,21,1093,938,0.8800095041976873,0.5006146261064102,0.8129766736568116,0.4994232987312572,0.8572055168380526,0.47095199730012854,0.029048002699871456,0.09472989042670181,0.02560354198794812,0.5824861319703714,0.6234111111111111,0.5064333333333333,0.49995499549954997
Bank Marketing,5,0.5,Oracle-Retrain,24,21,1093,938,0.8798511009028988,0.49995499549954997,0.803970845633376,0.4994232987312572,0.8496677875789919,0.47095199730012854,0.029048002699871456,0.0,0.04395562500576489,1.0,1.0,0.9016555555555555,0.49995499549954997
Bank Marketing,5,1.0,FedAvg-Full,24,21,2186,938,0.8798511009028988,0.49995499549954997,0.804390254328863,0.4994232987312572,0.8506100037363744,0.47227754834506075,0.02772245165493925,0.018432828355978426,0.04198583299876191,1.0528779494887277,1.0,0.9309,0.49995499549954997
Bank Marketing,5,1.0,SISA-Retrain,24,21,2186,938,0.8798511009028988,0.49995499549954997,0.7889760941793388,0.5,0.8365742320126062,0.4723726485855912,0.027627351414408807,0.15120085552068888,0.020451165997656062,0.5128535075367128,1.0,0.9299333333333333,0.49995499549954997
Bank Marketing,5,1.0,FedEraser-proxy,24,21,2186,938,0.8798511009028988,0.49995499549954997,0.8027349436790645,0.4994232987312572,0.8482707084490797,0.47236582087601464,0.02763417912398536,2.492592392391669e-06,0.040106041997205466,1.0057384656717823,1.0,0.9279333333333334,0.49995499549954997
Bank Marketing,5,1.0,FedRecovery-proxy,24,21,2186,938,0.8800095041976873,0.5006146261064102,0.8124116831208187,0.4994232987312572,0.8562633006806699,0.4722468236519663,0.027753176348033703,0.09180152012314123,0.020529832981992513,0.5148262380328081,1.0,0.9362333333333334,0.49995499549954997
Bank Marketing,5,1.0,Starfish-proxy,24,21,2186,938,0.8798511009028988,0.49995499549954997,0.8115419919300637,0.4994232987312572,0.8555810062218756,0.4722087835557541,0.027791216444245925,0.08172271570825342,0.019335332995979115,0.48487178420608074,0.9951222222222222,0.6912888888888888,0.49995499549954997
Bank Marketing,5,1.0,MA-ABE-FU,24,21,2186,938,0.8800095041976873,0.5006146261064102,0.8128521691219254,0.4994232987312572,0.8566531832285524,0.4722497498132134,0.027750250186786618,0.09553751573515139,0.02318641700549051,0.5814453459444593,0.6400111111111111,0.49202222222222225,0.49995499549954997
Bank Marketing,5,1.0,Oracle-Retrain,24,21,2186,938,0.8798511009028988,0.49995499549954997,0.8027361905055941,0.4994232987312572,0.8482707084490797,0.4723672839566382,0.027632716043361816,0.0,0.03987720800796524,1.0,1.0,0.9213111111111111,0.49995499549954997
Bank Marketing,13,0.25,FedAvg-Full,24,23,549,931,0.8803134647352173,0.5006159745039395,0.8093998297726657,0.5,0.8139802579709231,0.4967121159651666,0.003287884034833377,0.004203423425556492,0.045369125000433996,1.0308587628060268,1.0,0.8973333333333333,0.5006159745039395
Bank Marketing,13,0.25,SISA-Retrain,24,23,549,931,0.8801551492123803,0.49995503597122304,0.7960035210430466,0.5,0.795215869311552,0.49751427749702126,0.0024857225029787378,0.15161715116921307,0.021752000000560656,0.49424007645993073,1.0,0.8789222222222223,0.5006159745039395
Bank Marketing,13,0.25,FedEraser-proxy,24,23,549,931,0.8803134647352173,0.5006159745039395,0.8093184606313627,0.5,0.8129553123718818,0.4967238549144133,0.0032761450855867125,5.502392014683126e-07,0.043471582990605384,0.9877435868222344,1.0,0.8894777777777778,0.5006159745039395
Bank Marketing,13,0.25,FedRecovery-proxy,24,23,549,931,0.8803134647352173,0.5006159745039395,0.8178313132705997,0.5,0.8252546595603771,0.49607625621430623,0.003923743785693767,0.09052223155058749,0.022290500026429072,0.5064756545195124,1.0,0.8896,0.5006159745039395
Bank Marketing,13,0.25,Starfish-proxy,24,23,549,931,0.8803134647352173,0.5006159745039395,0.8166889356987642,0.5,0.8236778201772368,0.4963129916907804,0.003687008309219586,0.08030199541642187,0.022200959007022902,0.5044411399794028,0.9712777777777778,0.6070333333333333,0.5006159745039395
Bank Marketing,13,0.25,MA-ABE-FU,24,23,549,931,0.8803134647352173,0.5006159745039395,0.8180210359141635,0.5,0.8258380901321392,0.4961271249943751,0.0038728750056248873,0.09449654835546846,0.027244957978837192,0.6190488283496239,0.5942222222222222,0.4816888888888889,0.5006159745039395
Bank Marketing,13,0.25,Oracle-Retrain,24,23,549,931,0.8803134647352173,0.5006159745039395,0.8093182823206075,0.5,0.8129553123718818,0.4967238549144133,0.0032761450855867125,0.0,0.04401099999086,1.0,1.0,0.8939666666666667,0.5006159745039395
Bank Marketing,13,0.5,FedAvg-Full,24,23,1097,931,0.8803134647352173,0.5006159745039395,0.8093998297726657,0.5,0.8139802579709231,0.4884378546313694,0.011562145368630594,0.008703634072843905,0.045369125000433996,1.0318835658021737,1.0,0.9248333333333333,0.5006159745039395
Bank Marketing,13,0.5,SISA-Retrain,24,23,1097,931,0.8801551492123803,0.49995503597122304,0.795181983956787,0.5,0.7921725693020909,0.4883967308556585,0.01160326914434151,0.15147774281969478,0.0218073750147596,0.49599087244464396,1.0,0.9028666666666667,0.5006159745039395
Bank Marketing,13,0.5,FedEraser-proxy,24,23,1097,931,0.8803134647352173,0.5006159745039395,0.8085171320973624,0.5,0.8101012330883977,0.4888530089385464,0.011146991061453615,1.1004066985611869e-06,0.041658958012703806,0.9474988583390275,1.0,0.9061111111111111,0.5006159745039395
Bank Marketing,13,0.5,FedRecovery-proxy,24,23,1097,931,0.8803134647352173,0.5006159745039395,0.8176736271260586,0.5,0.8243243243243243,0.4887286584738967,0.011271341526103318,0.09068084319632762,0.021650291979312897,0.49241814754103996,1.0,0.8932333333333333,0.5006159745039395
Bank Marketing,13,0.5,Starfish-proxy,24,23,1097,931,0.8803134647352173,0.5006159745039395,0.8165472975221938,0.5,0.8230313160301491,0.4887120131361089,0.011287986863891097,0.08051532460375772,0.02164525000262074,0.4923034719133363,0.9845888888888888,0.6531333333333333,0.5006159745039395
Bank Marketing,13,0.5,MA-ABE-FU,24,23,1097,931,0.8803134647352173,0.5006159745039395,0.8178791599899194,0.5,0.8247816077454351,0.4887619491494722,0.011238050850527814,0.09462733520802807,0.02542374999029562,0.5782423574578145,0.6307222222222222,0.47964444444444443,0.5006159745039395
Bank Marketing,13,0.5,Oracle-Retrain,24,23,1097,931,0.8803134647352173,0.5006159745039395,0.8085172509711992,0.5,0.8101012330883977,0.4888520298010295,0.011147970198970514,0.0,0.043967290985165164,1.0,1.0,0.8932888888888889,0.5006159745039395
Bank Marketing,13,1.0,FedAvg-Full,24,24,2193,931,0.8803134647352173,0.5006159745039395,0.8093998297726657,0.5,0.8139802579709231,0.49799601603187177,0.002003983968128231,0.01835427263211878,0.045369125000433996,1.0287559964161992,1.0,0.9219222222222222,0.5006159745039395
Bank Marketing,13,1.0,SISA-Retrain,24,24,2193,931,0.8801551492123803,0.49995503597122304,0.7949394813296752,0.5,0.7911949288845438,0.4990671911359403,0.0009328088640597199,0.1510973669096798,0.020491332979872823,0.46464598286617903,1.0,0.9153333333333333,0.5006159745039395
Bank Marketing,13,1.0,FedEraser-proxy,24,24,2193,931,0.8803134647352173,0.5006159745039395,0.8081901696091903,0.5,0.80945472894131,0.49901233443193677,0.000987665568063234,0.0,0.04225866700289771,0.9582256012072202,1.0,0.9312555555555555,0.5006159745039395
Bank Marketing,13,1.0,FedRecovery-proxy,24,24,2193,931,0.8803134647352173,0.5006159745039395,0.817795235061125,0.5,0.8242139455675045,0.49814491279988127,0.0018550872001187324,0.09167726463151528,0.021173582994379103,0.48011616866922596,1.0,0.9250666666666667,0.5006159745039395
Bank Marketing,13,1.0,Starfish-proxy,24,24,2193,931,0.8803134647352173,0.5006159745039395,0.8166845968037203,0.5,0.8228420953041723,0.49814295363188116,0.001857046368118842,0.0817339840817019,0.021251750004012138,0.48188862471463434,0.9951333333333333,0.7022666666666667,0.5006159745039395
Bank Marketing,13,1.0,MA-ABE-FU,24,24,2193,931,0.8803134647352173,0.5006159745039395,0.8179973205837181,0.5,0.8245450818379639,0.498171851359883,0.0018281486401169889,0.09553639694412143,0.02553312500822358,0.5789698491915626,0.6361555555555556,0.45685555555555557,0.5006159745039395
Bank Marketing,13,1.0,Oracle-Retrain,24,24,2193,931,0.8803134647352173,0.5006159745039395,0.8081901696091903,0.5,0.80945472894131,0.49901233443193677,0.000987665568063234,0.0,0.044100958009948954,1.0,1.0,0.9243333333333333,0.5006159745039395
Bank Marketing,29,0.25,FedAvg-Full,24,21,549,930,0.8807186955833465,0.499910144667086,0.7988219697184543,0.5,0.7909715830648872,0.5241906104941536,0.024190610494153608,0.004491430853161161,0.04420637499424629,1.0106691841501694,1.0,0.8868444444444444,0.499910144667086
Bank Marketing,29,0.25,SISA-Retrain,24,21,549,930,0.8807978470793097,0.49995507233354297,0.7856246990518023,0.5,0.7755407271053842,0.5241357698258808,0.024135769825880837,0.15162168176706123,0.021720416989410296,0.4965834932392891,1.0,0.8790222222222223,0.499910144667086
Bank Marketing,29,0.25,FedEraser-proxy,24,21,549,930,0.8807978470793097,0.5002423705807073,0.7990123077924276,0.5,0.7906408191440405,0.5242278238047672,0.02422782380476718,2.6797730420786195e-06,0.042861041001742706,0.97991145726598,1.0,0.9018,0.499910144667086
Bank Marketing,29,0.25,FedRecovery-proxy,24,21,549,930,0.8807978470793097,0.5002423705807073,0.8069905657870894,0.5,0.7996864933271974,0.5240828877529036,0.02408288775290357,0.09083999715928555,0.02243300000554882,0.5128749375310621,1.0,0.8987,0.499910144667086
Bank Marketing,29,0.25,Starfish-proxy,24,21,549,930,0.8807978470793097,0.5002423705807073,0.8062399006038816,0.5,0.7985072480441786,0.5241181424682217,0.024118142468221748,0.08051971274975281,0.021593500016024336,0.4936818512484339,0.9631222222222222,0.6702555555555556,0.499910144667086
Bank Marketing,29,0.25,MA-ABE-FU,24,21,549,930,0.880876998575273,0.5005745964943286,0.8075872529612705,0.5,0.8003480211688909,0.5240593846093582,0.024059384609358192,0.09471044493113596,0.02718316699611023,0.6214757309132977,0.5645666666666667,0.4977888888888889,0.499910144667086
Bank Marketing,29,0.25,Oracle-Retrain,24,21,549,930,0.8807978470793097,0.5002423705807073,0.7990113525197854,0.5,0.7906264381040037,0.5242278238047672,0.02422782380476718,0.0,0.04373970799497329,1.0,1.0,0.8901888888888889,0.499910144667086
Bank Marketing,29,0.5,FedAvg-Full,24,23,1097,930,0.8807186955833465,0.499910144667086,0.7988219697184543,0.5,0.7909715830648872,0.5241362072514483,0.02413620725144827,0.008793114913958358,0.04420637499424629,1.0412085537740048,1.0,0.8973888888888889,0.499910144667086
Bank Marketing,29,0.5,SISA-Retrain,24,23,1097,930,0.8807978470793097,0.49995507233354297,0.7857298984515328,0.5,0.7753825356649793,0.5244880955881632,0.024488095588163228,0.1514545295341046,0.02192974998615682,0.5165192411882618,1.0,0.8884444444444445,0.499910144667086
Bank Marketing,29,0.5,FedEraser-proxy,24,23,1097,930,0.8807978470793097,0.5002423705807073,0.7991027004662029,0.5,0.7902237689829729,0.5244978974916928,0.024497897491692844,8.496797997290734e-08,0.042405250016599894,0.9987860132832831,1.0,0.8940777777777777,0.499910144667086
Bank Marketing,29,0.5,FedRecovery-proxy,24,23,1097,930,0.8807978470793097,0.5002423705807073,0.8070688384392158,0.5,0.7993701104463875,0.5243636114133364,0.024363611413336428,0.09105183870421199,0.022040374984499067,0.5191248313220417,1.0,0.8941333333333333,0.499910144667086
Bank Marketing,29,0.5,Starfish-proxy,24,23,1097,930,0.8807978470793097,0.5002423705807073,0.8063117251656726,0.5,0.7984209618039576,0.524262651806981,0.02426265180698095,0.08080198766219385,0.021640082995872945,0.509696611011759,0.9873666666666666,0.6631444444444444,0.499910144667086
Bank Marketing,29,0.5,MA-ABE-FU,24,23,1097,930,0.880876998575273,0.5005745964943286,0.8076619433409884,0.5,0.8000747814081914,0.5242214838121563,0.024221483812156275,0.0949081356169812,0.0252941669896245,0.5957625576314037,0.5821333333333333,0.51,0.499910144667086
Bank Marketing,29,0.5,Oracle-Retrain,24,23,1097,930,0.8807978470793097,0.5002423705807073,0.7991025810571226,0.5,0.7902237689829729,0.5244978974916928,0.024497897491692844,0.0,0.042456791998120025,1.0,1.0,0.9100444444444444,0.499910144667086
Bank Marketing,29,1.0,FedAvg-Full,24,23,2194,930,0.8807186955833465,0.499910144667086,0.7988219697184543,0.5,0.7909715830648872,0.5212642495172563,0.02126424951725625,0.01855462695748839,0.04420637499424629,1.0431454721794498,1.0,0.9247888888888889,0.499910144667086
Bank Marketing,29,1.0,SISA-Retrain,24,23,2194,930,0.8807978470793097,0.49995507233354297,0.7850257431050958,0.5,0.7735992867004142,0.5220439909430411,0.022043990943041103,0.15106943966626185,0.02074924999033101,0.48962363870257253,1.0,0.9240333333333334,0.499910144667086
Bank Marketing,29,1.0,FedEraser-proxy,24,23,2194,930,0.8807978470793097,0.5002423705807073,0.7983884550524818,0.5,0.7883542337781868,0.5220709461777477,0.02207094617774774,1.9095628074081654e-07,0.041701957990881056,0.9840483112416959,1.0,0.9249222222222222,0.499910144667086
Bank Marketing,29,1.0,FedRecovery-proxy,24,23,2194,930,0.8807978470793097,0.5002423705807073,0.8070631665079023,0.5,0.7987948688449149,0.5216430930886778,0.021643093088677845,0.09203174043818362,0.021318292012438178,0.5030514216618899,1.0,0.9102333333333333,0.499910144667086
Bank Marketing,29,1.0,Starfish-proxy,24,23,2194,930,0.8807978470793097,0.5002423705807073,0.8063323829365618,0.5,0.7980182926829268,0.5215436037678517,0.021543603767851693,0.08204102541707482,0.020486832974711433,0.48343133902402996,0.9952666666666666,0.6613333333333333,0.499910144667086
Bank Marketing,29,1.0,MA-ABE-FU,24,23,2194,930,0.880876998575273,0.5005745964943286,0.8076758544988416,0.5,0.7993988725264611,0.5215597769086756,0.02155977690867561,0.09583354259197478,0.025253667001379654,0.5959151455382959,0.6858555555555556,0.4988888888888889,0.499910144667086
Bank Marketing,29,1.0,Oracle-Retrain,24,23,2194,930,0.8807978470793097,0.5002423705807073,0.7983883953479416,0.5,0.7883542337781868,0.5220709461777477,0.02207094617774774,0.0,0.04237795798690058,1.0,1.0,0.9188,0.499910144667086
