dataset,forget_ratio,method,n,retained_bacc_mean,retained_bacc_ci,retained_auc_mean,retained_auc_ci,mia_gap_mean,mia_gap_ci,l2_to_oracle_mean,l2_to_oracle_ci,runtime_mean,runtime_ci,runtime_to_oracle_mean,runtime_to_oracle_ci,type_leak_auc_mean,type_leak_auc_ci,attribute_leak_auc_mean,attribute_leak_auc_ci
German Credit,0.25,FedAvg-Full,3,0.5079545454545454,0.0078219247559058,0.7571734220633021,0.01825233883595784,0.0476198194399525,0.008609201649872224,0.0312960005596006,0.006014978159513588,0.003632986006171667,8.866455409790076e-05,1.0661440940671154,0.023313431082232026,1.0,0.0,0.8976703703703705,0.008315597926662617
German Credit,0.25,SISA-Retrain,3,0.5,0.0,0.74489769900807,0.012520613061752147,0.052996707272298965,0.008593235678157386,0.11848365325776816,0.002407013393884276,0.0018527219945098667,8.007845274220534e-05,0.5434725298247228,0.006532760310268421,1.0,0.0,0.8740592592592593,0.011374619944690289
German Credit,0.25,FedEraser-proxy,3,0.5121212121212121,0.014164551778615269,0.7538524233338718,0.0194149153539772,0.0541245446637435,0.004956258410969249,0.00013683162871583335,0.0001507305633759403,0.0032780140075676666,0.00025296264380356007,0.9637972770180824,0.1107140620146063,1.0,0.0,0.9018555555555556,0.019022515949618745
German Credit,0.25,FedRecovery-proxy,3,0.5110795454545455,0.014416466124658158,0.760332137077973,0.02036976999258797,0.04798941281218937,0.0039823809646813155,0.04656801079314293,0.0006433023380989098,0.0013858613286477,0.00014738176257210307,0.40617787888959733,0.03265496689250831,1.0,0.0,0.8932962962962963,0.007795849622112347
German Credit,0.25,Starfish-proxy,3,0.5110795454545455,0.014416466124658158,0.7603075478629749,0.020302568211226817,0.048380409401506036,0.003656040742756083,0.041424117565546974,0.00033706641334864764,0.0012463196762837001,0.00011949828197066389,0.3652715656261763,0.02320614102480748,0.9757555555555556,0.002990330237622785,0.6414703703703704,0.058925285465988915
German Credit,0.25,MA-ABE-FU,3,0.5110795454545455,0.014416466124658158,0.7609578642708191,0.020764156669076134,0.048383012130996904,0.0038717485699133725,0.0483460736533571,0.0006625273269678197,0.0014927219987536334,0.0001440648079988131,0.43745963889070233,0.0274921792508961,0.6157407407407407,0.021118719830158846,0.5065222222222222,0.023291595500056897
German Credit,0.25,Oracle-Retrain,3,0.5121212121212121,0.014164551778615269,0.7538554160857419,0.019495920280882685,0.05412780313243404,0.004781354876849277,0.0,0.0,0.003408903013526733,0.00013522776334447018,1.0,0.0,1.0,0.0,0.8959999999999999,0.023054007397552815
German Credit,0.5,FedAvg-Full,3,0.5079545454545454,0.0078219247559058,0.7571734220633021,0.01825233883595784,0.019069174652432633,0.014280938517113803,0.0506961038272426,0.0022999901727017106,0.003632986006171667,8.866455409790076e-05,1.0571179878393504,0.0227963965636554,1.0,0.0,0.9047555555555555,0.01353490202913455
German Credit,0.5,SISA-Retrain,3,0.5,0.0,0.7460148954743625,0.02031483828910228,0.02561802910758207,0.01132133865252482,0.12239930759493318,0.0024189576948587324,0.0018594446689044997,1.5549243849777288e-05,0.5410671097518241,0.002071194678173283,1.0,0.0,0.9033592592592593,0.0060918681239875115
German Credit,0.5,FedEraser-proxy,3,0.5037878787878788,0.007424242424242417,0.7568475243446109,0.028202411981493133,0.023021807843842168,0.017304480758184915,0.00015167277877316666,0.00019518445051389116,0.003188583330484067,0.00021889226231226107,0.9280546696096296,0.06951275621117556,1.0,0.0,0.8922444444444445,0.00967612424195136
German Credit,0.5,FedRecovery-proxy,3,0.5110795454545455,0.014416466124658158,0.7599701429036824,0.02022160321135781,0.018341155665694067,0.016088462122971447,0.04392902827424256,0.0008689077326033386,0.0013845693223023,0.00018782724004818711,0.40285507776795315,0.05414595467024243,1.0,0.0,0.8995555555555556,0.01341972984463103
German Credit,0.5,Starfish-proxy,3,0.5110795454545455,0.014416466124658158,0.7597711434470275,0.02090810492564081,0.0184740905916238,0.016072312606065075,0.04022571251372576,0.0010524377105802967,0.0012671666724296334,8.702914167675756e-05,0.36880902054759446,0.027533340458877436,0.9848740740740741,0.005580472634132456,0.6915333333333332,0.02953228068352277
German Credit,0.5,MA-ABE-FU,3,0.5110795454545455,0.014416466124658158,0.760288392655936,0.02138458537201998,0.01859814081182967,0.01620579725868421,0.0454282006035873,0.0008435249112498464,0.0014545973293327668,1.1512118601160276e-05,0.42326943874352513,0.00334210809831878,0.6213888888888889,0.032308271004630414,0.5079851851851852,0.027743225971058365
German Credit,0.5,Oracle-Retrain,3,0.5037878787878788,0.007424242424242417,0.7570477065463753,0.02816914234597736,0.022989388729532403,0.017268760857411997,0.0,0.0,0.0034366109951709,2.1731770249617484e-05,1.0,0.0,1.0,0.0,0.9024148148148147,0.012383421835307312
German Credit,1.0,FedAvg-Full,3,0.5079545454545454,0.0078219247559058,0.7571734220633021,0.01825233883595784,0.02616213551849007,0.004668281727928741,0.12260660499206548,0.0026894263601389043,0.003632986006171667,8.866455409790076e-05,1.1072502095524577,0.023534072189400443,1.0,0.0,0.9224333333333332,0.004634575138677662
German Credit,1.0,SISA-Retrain,3,0.5,0.0,0.7423461393764064,0.020257416381479314,0.02959858597234873,0.004470292162225607,0.13291750309288683,0.002233125628582031,0.0017808890067195667,7.798110590690146e-05,0.5425244847403943,0.003173010417046531,1.0,0.0,0.9229629629629629,0.00668121652426941
German Credit,1.0,FedEraser-proxy,3,0.5,0.0,0.7525524656319633,0.024654435361232217,0.02802058524541857,0.011305993177526041,0.0003186070926059,0.000624469901507564,0.0031065556686371335,0.00022530426206420162,0.9476928855660463,0.08705406699594133,1.0,0.0,0.9058074074074075,0.010949367208228575
German Credit,1.0,FedRecovery-proxy,3,0.5079545454545454,0.0078219247559058,0.7606522367137609,0.022312361164180755,0.027194052568884564,0.007244899639433123,0.07055596351974043,0.00232627973436751,0.0012296386606369999,5.936321340529669e-05,0.37456488791520665,0.004887306281952092,1.0,0.0,0.9214888888888889,0.013369007478295924
German Credit,1.0,Starfish-proxy,3,0.5079545454545454,0.0078219247559058,0.7603741113700231,0.02129600636018371,0.02692010385801193,0.0069306359024161384,0.07336290329664101,0.0022457203356065405,0.0011617223402329666,3.86943730845886e-05,0.3539902791061758,0.004394501010029099,0.995637037037037,0.000800792049611818,0.7076037037037036,0.017088758859657167
German Credit,1.0,MA-ABE-FU,3,0.5079545454545454,0.0078219247559058,0.7610640006906019,0.022964328813820722,0.027269170982057,0.007644491095192272,0.06995260184444986,0.002308684654572712,0.0014414583177615667,6.539623678191278e-05,0.4399322400623027,0.03785246035047171,0.6289666666666668,0.011343302816282949,0.5353851851851852,0.01272417698411892
German Credit,1.0,Oracle-Retrain,3,0.5,0.0,0.7526471626016602,0.02480665245680822,0.028134589903323164,0.011163463506735525,0.0,0.0,0.0032824306496574,0.00013530125836884265,1.0,0.0,1.0,0.0,0.9184777777777778,0.007943248531587588
Bank Marketing,0.25,FedAvg-Full,3,0.5001603715568584,0.00044721146284472585,0.8042040179399943,0.005987769934403918,0.018906402204113767,0.015570571263304406,0.004312221275975066,0.00017696324698765614,0.04385377766448067,0.0019452147849901489,1.0367120028307286,0.03328007840652566,1.0,0.0,0.8959888888888888,0.01874615121782281
Bank Marketing,0.25,SISA-Retrain,3,0.4999550346014386,4.349364470236406e-08,0.7907301123308516,0.0058746787326353555,0.01857265969255653,0.016013105606386722,0.15164137333248823,4.31117323968776e-05,0.020633194663484202,0.0021619809619565587,0.48660836095531596,0.0173055797603634,1.0,0.0,0.8791074074074073,0.010573810723061636
Bank Marketing,0.25,FedEraser-proxy,3,0.5002711135280655,0.0003750433732187747,0.8041831848061616,0.00583135928584693,0.01894932583236603,0.015630115528474695,1.3256981893370176e-06,1.3316589808035742e-06,0.04170174965596133,0.002891253332775206,0.9848272368419021,0.0048453182658642355,1.0,0.0,0.8780037037037037,0.022727113087443282
Bank Marketing,0.25,FedRecovery-proxy,3,0.5003810519625423,0.00023147299458914445,0.8124523326683133,0.006134266839746766,0.019281244956734132,0.01539847406344606,0.09069147847476662,0.00018093673750887887,0.021830152681407766,0.0010450456674760233,0.5159678700226177,0.012853932857891725,1.0,0.0,0.8877777777777779,0.004053378224247832
Bank Marketing,0.25,Starfish-proxy,3,0.5002711135280655,0.0003750433732187747,0.8115267507012854,0.005913360348000569,0.019184849837905135,0.015518492350509984,0.08038863744541859,0.00013065496956265178,0.021132194669917198,0.001538355098297143,0.499009701739144,0.0060884870492197915,0.9747481481481483,0.005528530036784361,0.6597259259259259,0.033403186274507383
Bank Marketing,0.25,MA-ABE-FU,3,0.5004917939337493,0.00020419007212741703,0.8128584480520534,0.005904427842780986,0.01926295095222053,0.015434828274553223,0.09458509588499701,0.00012628292821867154,0.0260050969955045,0.0023698302679138767,0.613618826514667,0.013093370771956724,0.6145592592592592,0.021653852019472355,0.501925925925926,0.009978186553808593
Bank Marketing,0.25,Oracle-Retrain,3,0.5002711135280655,0.0003750433732187747,0.8041828465268237,0.0058318015822492394,0.01894932583236603,0.015630115528474695,0.0,0.0,0.0423469719923256,0.0029995588074457655,1.0,0.0,1.0,0.0,0.8926037037037037,0.015544087955742459
Bank Marketing,0.5,FedAvg-Full,3,0.5001603715568584,0.00044721146284472585,0.8042040179399943,0.005987769934403918,0.021563260956391,0.010178801177506249,0.008795586987423635,0.0001054810501302584,0.04385377766448067,0.0019452147849901489,1.0094263080989903,0.05341592336939492,1.0,0.0,0.9079740740740739,0.01793495898700552
Bank Marketing,0.5,SISA-Retrain,3,0.4999550346014386,4.349364470236406e-08,0.7904044114810865,0.005348974428016888,0.021757665154219966,0.010299555185217893,0.15148374421228275,3.692650554452466e-05,0.021521458334367066,0.0006838385553087814,0.49544485575326425,0.02416277586015342,1.0,0.0,0.9067296296296297,0.004736793215281236
Bank Marketing,0.5,FedEraser-proxy,3,0.5002711135280655,0.0003750433732187747,0.8038633219082129,0.005327744526338129,0.0215646222133667,0.010529011197249976,7.827741151471998e-07,6.847649234179769e-07,0.0419405276770703,0.0004588195136901696,0.9654247357923224,0.03272440453559975,1.0,0.0,0.9081370370370371,0.018766811076493396
Bank Marketing,0.5,FedRecovery-proxy,3,0.5003810519625423,0.00023147299458914445,0.8124285134844128,0.0060012743025413375,0.02155058108422513,0.010412015700473029,0.09088346979931461,0.0002125782698364048,0.021409458655398266,0.00088236418056642,0.49292677065394946,0.029362346960791423,1.0,0.0,0.9033222222222221,0.002282306955042901
Bank Marketing,0.5,Starfish-proxy,3,0.5002711135280655,0.0003750433732187747,0.8115028461876456,0.005793103685990288,0.021541658940655697,0.010410867670871035,0.0806443026543513,0.00016461664289706593,0.021291041669125297,0.0006891908677478216,0.49012560509382386,0.023476142791280654,0.984137037037037,0.0033147641030674747,0.662437037037037,0.029495077885061016
Bank Marketing,0.5,MA-ABE-FU,3,0.500601732368226,2.6604097937447572e-05,0.8128392589959065,0.005782502834912825,0.021502512454185135,0.01042326944402267,0.094755120417237,0.00016079022489863358,0.025440486322622732,0.00017581211293760666,0.5854970156865299,0.010342810559267737,0.6230629629629629,0.029849028065690706,0.49188518518518515,0.05509001632738902
Bank Marketing,0.5,Oracle-Retrain,3,0.5002711135280655,0.0003750433732187747,0.803863559220566,0.005327888490507901,0.021564623463511567,0.010527947004101324,0.0,0.0,0.043459902663016636,0.0009830706112791356,1.0,0.0,1.0,0.0,0.8981222222222222,0.03500575969069424
Bank Marketing,1.0,FedAvg-Full,3,0.5001603715568584,0.00044721146284472585,0.8042040179399943,0.005987769934403918,0.01699689504677453,0.015140609080541484,0.018447242648528466,0.00011423786646671355,0.04385377766448067,0.0019452147849901489,1.0415931393614588,0.01373280206217533,1.0,0.0,0.9271777777777778,0.004144592049799248
Bank Marketing,1.0,SISA-Retrain,3,0.4999550346014386,4.349364470236406e-08,0.7896471062047032,0.00564763995284274,0.016868050407169866,0.01593286000490526,0.15112255403221012,7.834546898233488e-05,0.020563916322619932,0.00018304333876059412,0.4890410430351548,0.027281949673429357,1.0,0.0,0.9261851851851852,0.008801782252493026
Bank Marketing,1.0,FedEraser-proxy,3,0.5002711135280655,0.0003750433732187747,0.8031045227802455,0.005557656363418694,0.01689759695659873,0.015906291728486836,8.945162243774951e-07,1.5698370993436226e-06,0.041355555663661364,0.001264387139818141,0.9826707927068995,0.026916807816497943,1.0,0.0,0.9265370370370372,0.009180380254578548
Bank Marketing,1.0,FedRecovery-proxy,3,0.5004909903970189,0.00024364861445177796,0.812423361563282,0.006072250200362179,0.017083785545610065,0.015319303632866833,0.09183684173094668,0.00020352875800682356,0.021007235996269902,0.00047496533982857337,0.49933127612130795,0.019974597135272963,1.0,0.0,0.9294962962962963,0.006384236849744448
Bank Marketing,1.0,Starfish-proxy,3,0.5002711135280655,0.0003750433732187747,0.8115196572234487,0.005857357289807528,0.017063955526738766,0.015316273686220834,0.08183257506901004,0.0002043808103762482,0.020357971991567532,0.0010916439912882557,0.48339724931491496,0.0016882119625915325,0.9971259259259259,0.0021028935163934083,0.6966000000000001,0.028177384057303065
Bank Marketing,1.0,MA-ABE-FU,3,0.500601732368226,2.6604097937447572e-05,0.8128417814014951,0.005839928070778116,0.017046058578526365,0.015319339479748697,0.09563581842374913,0.00019377071884039168,0.024657736338364534,0.0014505366765722458,0.5854434468914392,0.010357407023527627,0.6414148148148148,0.014433406486475796,0.4819814814814814,0.03004909934390667
Bank Marketing,1.0,Oracle-Retrain,3,0.5002711135280655,0.0003750433732187747,0.8031049184875753,0.005557635777940125,0.016897109263057566,0.015905659440159987,0.0,0.0,0.04211870800160487,0.002403278635005854,1.0,0.0,1.0,0.0,0.9233296296296296,0.008537493805728501
