dataset,seed,forget_ratio,method,clients,affected_clients,forget_train,forget_test,retained_acc,retained_bacc,retained_auc,forget_scope_bacc,forget_scope_auc,mia_auc,mia_gap,l2_to_oracle,runtime,runtime_to_oracle,type_leak_auc,attribute_leak_auc,full_retained_bacc
German Credit,3,0.25,FedAvg-Full,12,10,53,97,0.7892156862745098,0.5113636363636364,0.7745738636363636,0.5,0.6922421142369991,0.4479673215327757,0.0520326784672242,0.033907075457276,0.003717375017004,1.062423140948799,1.0,0.8991666666666667,0.5113636363636364
German Credit,3,0.25,SISA-Retrain,12,10,53,97,0.7843137254901961,0.5,0.7576704545454546,0.5,0.6508951406649617,0.4382415872398366,0.0617584127601634,0.1209027467924787,0.0018867079925257,0.5392198049170429,1.0,0.8659666666666667,0.5113636363636364
German Credit,3,0.25,FedEraser-proxy,12,10,53,97,0.7892156862745098,0.5113636363636364,0.7710227272727272,0.5,0.6743393009377664,0.4440770278156001,0.0559229721843999,0.0001444181397476,0.0030402500124182,0.8689012953194537,1.0,0.9202222222222223,0.5113636363636364
German Credit,3,0.25,FedRecovery-proxy,12,10,53,97,0.7843137254901961,0.5082386363636364,0.7788352272727272,0.5,0.6896845694799659,0.4483563509044933,0.0516436490955067,0.0462875001120305,0.0013878749741706,0.3966536823855366,1.0,0.8915555555555555,0.5113636363636364
German Credit,3,0.25,Starfish-proxy,12,10,53,97,0.7843137254901961,0.5082386363636364,0.7789772727272727,0.5,0.6896845694799659,0.4483563509044933,0.0516436490955067,0.0412313638500337,0.0013607500004582,0.3889013841541353,0.9744111111111111,0.5972555555555555,0.5113636363636364
German Credit,3,0.25,MA-ABE-FU,12,10,53,97,0.7843137254901961,0.5082386363636364,0.779971590909091,0.5,0.6896845694799659,0.4481618362186345,0.0518381637813655,0.0480281863352453,0.0016277499962598,0.4652097934147815,0.6360777777777777,0.5239444444444444,0.5113636363636364
German Credit,3,0.25,Oracle-Retrain,12,10,53,97,0.7892156862745098,0.5113636363636364,0.7711647727272727,0.5,0.6747655583972719,0.4442715425014588,0.0557284574985411,0.0,0.0034989590058103,1.0,1.0,0.9090222222222222,0.5113636363636364
German Credit,3,0.5,FedAvg-Full,12,10,106,97,0.7892156862745098,0.5113636363636364,0.7745738636363636,0.5,0.6922421142369991,0.4677105621474421,0.0322894378525578,0.0525565791351898,0.003717375017004,1.0760705470347376,1.0,0.9185666666666666,0.5113636363636364
German Credit,3,0.5,SISA-Retrain,12,10,106,97,0.7843137254901961,0.5,0.7664772727272727,0.5,0.659846547314578,0.4634312390585489,0.036568760941451,0.124867415782861,0.0018670000135898,0.540441498839312,1.0,0.9087555555555555,0.5113636363636364
German Credit,3,0.5,FedEraser-proxy,12,10,106,97,0.7892156862745098,0.5113636363636364,0.7805397727272727,0.5,0.6751918158567775,0.4670297607469364,0.0329702392530635,0.0003393008831381,0.0029902079841122,0.8655771146287123,1.0,0.9021,0.5113636363636364
German Credit,3,0.5,FedRecovery-proxy,12,10,106,97,0.7843137254901961,0.5082386363636364,0.7779829545454545,0.5,0.6922421142369991,0.468196848862089,0.0318031511379109,0.044550880462153,0.0013103749952279,0.3793149551728375,1.0,0.9105333333333333,0.5113636363636364
German Credit,3,0.5,Starfish-proxy,12,10,106,97,0.7843137254901961,0.5082386363636364,0.7785511363636364,0.5,0.6922421142369991,0.4680023341762303,0.0319976658237696,0.0410473517415564,0.0012240830110386,0.3543359680632373,0.9844333333333334,0.7137666666666667,0.5113636363636364
German Credit,3,0.5,MA-ABE-FU,12,10,106,97,0.7843137254901961,0.5082386363636364,0.7795454545454545,0.5,0.6926683716965046,0.4679050768333009,0.032094923166699,0.0460655675317354,0.0014520830009132,0.4203352478523582,0.5888333333333333,0.5340666666666667,0.5113636363636364
German Credit,3,0.5,Oracle-Retrain,12,10,106,97,0.7892156862745098,0.5113636363636364,0.7808238636363637,0.5,0.6751918158567775,0.4671270180898658,0.0328729819101342,0.0,0.003454582998529,1.0,1.0,0.8972111111111111,0.5113636363636364
German Credit,3,1.0,FedAvg-Full,12,10,211,97,0.7892156862745098,0.5113636363636364,0.7745738636363636,0.5,0.6922421142369991,0.4738359310108956,0.0261640689891043,0.1252597305960216,0.003717375017004,1.0989210103752198,1.0,0.9177444444444445,0.5113636363636364
German Credit,3,1.0,SISA-Retrain,12,10,211,97,0.7843137254901961,0.5,0.7629261363636364,0.5,0.6304347826086957,0.4718815654468168,0.0281184345531831,0.1342526661792087,0.0018315420020371,0.5414358191510716,1.0,0.9161555555555555,0.5113636363636364
German Credit,3,1.0,FedEraser-proxy,12,10,211,97,0.7843137254901961,0.5,0.7731534090909091,0.5,0.644927536231884,0.47940587286852,0.0205941271314799,0.0009558212778177,0.0029059170046821,0.8590398429657011,1.0,0.8946777777777778,0.5113636363636364
German Credit,3,1.0,FedRecovery-proxy,12,10,211,97,0.7892156862745098,0.5113636363636364,0.7802556818181818,0.5,0.6909633418584825,0.4748131137929349,0.025186886207065,0.0716626475030028,0.0012622500071302,0.3731431579640728,1.0,0.9162888888888889,0.5113636363636364
German Credit,3,1.0,Starfish-proxy,12,10,211,97,0.7892156862745098,0.5113636363636364,0.7794034090909091,0.5,0.691389599317988,0.474715395514731,0.0252846044852689,0.0746274576221772,0.0011822920059785,0.3495061756818809,0.9959111111111111,0.6901666666666667,0.5113636363636364
German Credit,3,1.0,MA-ABE-FU,12,10,211,97,0.7892156862745098,0.5113636363636364,0.78125,0.5,0.6909633418584825,0.4750574094884448,0.0249425905115551,0.0710294500162449,0.0014174999960232,0.4190377674330375,0.6287444444444444,0.5336111111111111,0.5113636363636364
German Credit,3,1.0,Oracle-Retrain,12,10,211,97,0.7843137254901961,0.5,0.7734375,0.5,0.6453537936913896,0.4790638588948063,0.0209361411051937,0.0,0.0033827499719336,1.0,1.0,0.9206333333333333,0.5113636363636364
German Credit,7,0.25,FedAvg-Full,12,11,55,89,0.7877358490566038,0.5,0.7542248835662009,0.5,0.6121212121212121,0.5519918283963228,0.0519918283963227,0.0251800016985971,0.0036190410028211,1.047656082781387,1.0,0.9041555555555556,0.5
German Credit,7,0.25,SISA-Retrain,12,11,55,89,0.7877358490566038,0.5,0.7382568196939454,0.5,0.5797979797979798,0.5483146067415731,0.048314606741573,0.1169060802430488,0.0019000830070581,0.5500444782422262,1.0,0.8709,0.5
German Credit,7,0.25,FedEraser-proxy,12,11,55,89,0.7877358490566038,0.5,0.7538256819693946,0.5,0.6,0.5491317671092952,0.0491317671092952,0.0002660767463999,0.003309874999104,0.9581573332145956,1.0,0.8872333333333333,0.5
German Credit,7,0.25,FedRecovery-proxy,12,11,55,89,0.7877358490566038,0.5,0.7592814371257485,0.5,0.6166666666666667,0.5477017364657815,0.0477017364657814,0.0472222325913181,0.0015150840044952,0.4385932549526039,1.0,0.9008888888888889,0.5
German Credit,7,0.25,Starfish-proxy,12,11,55,89,0.7877358490566038,0.5,0.7587491683300066,0.5,0.6151515151515151,0.5483146067415731,0.048314606741573,0.0417671891559125,0.0012255840119905,0.3547875097631184,0.9740555555555556,0.6988666666666666,0.5
German Credit,7,0.25,MA-ABE-FU,12,11,55,89,0.7877358490566038,0.5,0.7595475715236194,0.5,0.6171717171717171,0.5483146067415731,0.048314606741573,0.0490217297183128,0.0014755410084035,0.4271461726027087,0.5994,0.48381111111111114,0.5
German Credit,7,0.25,Oracle-Retrain,12,11,55,89,0.7877358490566038,0.5,0.7536926147704591,0.5,0.6,0.5493360572012257,0.0493360572012256,0.0,0.0034544170193839,1.0,1.0,0.8725222222222222,0.5
German Credit,7,0.5,FedAvg-Full,12,12,110,89,0.7877358490566038,0.5,0.7542248835662009,0.5,0.6121212121212121,0.507150153217569,0.0071501532175689,0.0510048293007734,0.0036190410028211,1.0593219444496291,1.0,0.8978333333333334,0.5
German Credit,7,0.5,SISA-Retrain,12,12,110,89,0.7877358490566038,0.5,0.7386560212907518,0.5,0.5828282828282828,0.5169560776302349,0.0169560776302348,0.1211369751193085,0.0018435840029269,0.5396316287144596,1.0,0.9033333333333333,0.5
German Credit,7,0.5,FedEraser-proxy,12,12,110,89,0.7877358490566038,0.5,0.759148369926813,0.5,0.6055555555555555,0.5054136874361593,0.0054136874361593,0.0,0.0033766670094337,0.9883771583145556,1.0,0.8868,0.5
German Credit,7,0.5,FedRecovery-proxy,12,12,110,89,0.7877358490566038,0.5,0.7596806387225549,0.5,0.6186868686868687,0.5034729315628192,0.0034729315628192,0.0441654352436871,0.0012686249974649,0.3713365772988921,1.0,0.8869777777777778,0.5
German Credit,7,0.5,Starfish-proxy,12,12,110,89,0.7877358490566038,0.5,0.759148369926813,0.5,0.6176767676767677,0.5036772216547497,0.0036772216547497,0.0404137697369195,0.001355958986096,0.3968999269766566,0.9900111111111111,0.6980333333333333,0.5
German Credit,7,0.5,MA-ABE-FU,12,12,110,89,0.7877358490566038,0.5,0.7595475715236194,0.5,0.6186868686868687,0.5035750766087844,0.0035750766087844,0.045610493365956,0.001445917005185,0.4232313511373284,0.6421666666666667,0.5044777777777778,0.5
German Credit,7,0.5,Oracle-Retrain,12,12,110,89,0.7877358490566038,0.5,0.759148369926813,0.5,0.6055555555555555,0.5054136874361593,0.0054136874361593,0.0,0.0034163749951403,1.0,1.0,0.8950444444444444,0.5
German Credit,7,1.0,FedAvg-Full,12,12,219,89,0.7877358490566038,0.5,0.7542248835662009,0.5,0.6121212121212121,0.5220358114001334,0.0220358114001334,0.1218876046832538,0.0036190410028211,1.091908773587612,1.0,0.9253111111111111,0.5
German Credit,7,1.0,SISA-Retrain,12,12,219,89,0.7877358490566038,0.5,0.7337325349301397,0.5,0.557070707070707,0.5266020214457955,0.0266020214457954,0.1306507471934536,0.0018087089993059,0.5457095467195614,1.0,0.9266888888888889,0.5
German Credit,7,1.0,FedEraser-proxy,12,12,219,89,0.7877358490566038,0.5,0.7547571523619427,0.5,0.5858585858585859,0.5240880406341388,0.0240880406341388,0.0,0.003304083016701,0.9968821109750654,1.0,0.9122222222222223,0.5
German Credit,7,1.0,FedRecovery-proxy,12,12,219,89,0.7877358490566038,0.5,0.7608782435129741,0.5,0.6121212121212121,0.5220358114001334,0.0220358114001334,0.0718212671558002,0.0012575409782584,0.3794154380223876,1.0,0.9131666666666667,0.5
German Credit,7,1.0,Starfish-proxy,12,12,219,89,0.7877358490566038,0.5,0.7599467731204258,0.5,0.6136363636363636,0.5217792827458827,0.0217792827458827,0.0743856435068355,0.0011806249967776,0.3562089490816504,0.9948333333333333,0.7162111111111111,0.5
German Credit,7,1.0,MA-ABE-FU,12,12,219,89,0.7877358490566038,0.5,0.7612774451097805,0.5,0.6121212121212121,0.5219845056692832,0.0219845056692832,0.0712287427481423,0.0013994999753776,0.4222461974206204,0.6391,0.5474111111111111,0.5
German Credit,7,1.0,Oracle-Retrain,12,12,219,89,0.7877358490566038,0.5,0.7547571523619427,0.5,0.5858585858585859,0.5240880406341388,0.0240880406341388,0.0,0.0033144170010928,1.0,1.0,0.9241666666666667,0.5
German Credit,11,0.25,FedAvg-Full,12,12,52,103,0.803030303030303,0.5125,0.7427215189873417,0.5,0.7316981132075472,0.4611650485436893,0.0388349514563106,0.0348009245229287,0.0035625419986899,1.08835305847116,1.0,0.8896888888888889,0.5125
German Credit,11,0.25,SISA-Retrain,12,12,52,103,0.797979797979798,0.5,0.7387658227848102,0.5,0.719622641509434,0.4510828976848394,0.0489171023151605,0.117642132737777,0.0017713749839458,0.5411533063148993,1.0,0.8853111111111112,0.5125
German Credit,11,0.25,FedEraser-proxy,12,12,52,103,0.8080808080808081,0.525,0.7367088607594937,0.5,0.7392452830188679,0.4426811053024645,0.0573188946975354,0.0,0.0034839170111808,1.0643332025201977,1.0,0.8981111111111111,0.5125
German Credit,11,0.25,FedRecovery-proxy,12,12,52,103,0.8080808080808081,0.525,0.742879746835443,0.5,0.7422641509433963,0.4553771471247199,0.04462285287528,0.0461942996760802,0.0012546250072773,0.3832866993306515,1.0,0.8874444444444445,0.5125
German Credit,11,0.25,Starfish-proxy,12,12,52,103,0.8080808080808081,0.525,0.7431962025316455,0.5,0.7415094339622641,0.4548170276325616,0.0451829723674384,0.0412737996906947,0.0011526250164024,0.3521258029612753,0.9788,0.6282888888888889,0.5125
German Credit,11,0.25,MA-ABE-FU,12,12,52,103,0.8080808080808081,0.525,0.7433544303797468,0.5,0.7430188679245283,0.4550037341299477,0.0449962658700522,0.0479883049065132,0.0013748749915976,0.4200229506546166,0.6117444444444444,0.5118111111111111,0.5125
German Credit,11,0.25,Oracle-Retrain,12,12,52,103,0.8080808080808081,0.525,0.7367088607594937,0.5,0.7392452830188679,0.4426811053024645,0.0573188946975354,0.0,0.003273333015386,1.0,1.0,0.9064555555555556,0.5125
German Credit,11,0.5,FedAvg-Full,12,11,103,103,0.803030303030303,0.5125,0.7427215189873417,0.5,0.7316981132075472,0.4822320671128287,0.0177679328871712,0.0485269030457646,0.0035625419986899,1.0359614720336847,1.0,0.8978666666666667,0.5125
German Credit,11,0.5,SISA-Retrain,12,11,103,103,0.797979797979798,0.5,0.7329113924050633,0.5,0.7226415094339622,0.4766707512489396,0.0233292487510604,0.1211935318826301,0.0018677499901968,0.5431282017017008,1.0,0.8979888888888888,0.5125
German Credit,11,0.5,FedEraser-proxy,12,11,103,103,0.797979797979798,0.5,0.7308544303797468,0.5,0.7350943396226415,0.4693185031576963,0.0306814968423037,0.0001157174531814,0.0031988749979063,0.9302097358856208,1.0,0.8878333333333334,0.5125
German Credit,11,0.5,FedRecovery-proxy,12,11,103,103,0.8080808080808081,0.525,0.7422468354430379,0.5,0.7392452830188679,0.4802526157036478,0.0197473842963521,0.0430707691168876,0.0015747079742141,0.4579137008321298,1.0,0.9011555555555556,0.5125
German Credit,11,0.5,Starfish-proxy,12,11,103,103,0.8080808080808081,0.525,0.7416139240506329,0.5,0.7373584905660377,0.4802526157036478,0.0197473842963521,0.0392160160627014,0.0012214580201543,0.3551911666028895,0.9801777777777778,0.6628,0.5125
German Credit,11,0.5,MA-ABE-FU,12,11,103,103,0.8080808080808081,0.525,0.7417721518987341,0.5,0.7384905660377359,0.4798755773399943,0.0201244226600056,0.0446085409130705,0.0014657919819001,0.4262417172408887,0.6331666666666667,0.4854111111111111,0.5125
German Credit,11,0.5,Oracle-Retrain,12,11,103,103,0.797979797979798,0.5,0.7311708860759494,0.5,0.7350943396226415,0.4693185031576963,0.0306814968423037,0.0,0.0034388749918434,1.0,1.0,0.9149888888888889,0.5125
German Credit,11,1.0,FedAvg-Full,12,12,205,103,0.803030303030303,0.5125,0.7427215189873417,0.5,0.7316981132075472,0.4697134738337674,0.0302865261662325,0.120672479696921,0.0035625419986899,1.130920844694541,1.0,0.9242444444444444,0.5125
German Credit,11,1.0,SISA-Retrain,12,12,205,103,0.797979797979798,0.5,0.730379746835443,0.5,0.7086792452830188,0.4659246980819322,0.0340753019180677,0.1338490959059981,0.0017024160188157,0.54042808835055,1.0,0.9260444444444444,0.5125
German Credit,11,1.0,FedEraser-proxy,12,12,205,103,0.797979797979798,0.5,0.729746835443038,0.5,0.7264150943396226,0.460620412029363,0.039379587970637,0.0,0.0031096669845283,0.9871567027573724,1.0,0.9105222222222222,0.5125
German Credit,11,1.0,FedRecovery-proxy,12,12,205,103,0.803030303030303,0.5125,0.7408227848101265,0.5,0.7384905660377359,0.4656405399005446,0.0343594600994553,0.0681839759004183,0.0011691249965224,0.3711360677591596,1.0,0.9350111111111111,0.5125
German Credit,11,1.0,Starfish-proxy,12,12,205,103,0.803030303030303,0.5125,0.7417721518987341,0.5,0.7373584905660377,0.4663035756571158,0.0336964243428842,0.0710756087609103,0.0011222500179428,0.356255712554996,0.9961666666666666,0.7164333333333334,0.5125
German Credit,11,1.0,MA-ABE-FU,12,12,205,103,0.803030303030303,0.5125,0.7406645569620253,0.5,0.7384905660377359,0.4651195832346673,0.0348804167653327,0.0675996127689624,0.0015073749818839,0.4785127553332501,0.6190555555555556,0.5251333333333333,0.5125
German Credit,11,1.0,Oracle-Retrain,12,12,205,103,0.797979797979798,0.5,0.729746835443038,0.5,0.7264150943396226,0.460620412029363,0.039379587970637,0.0,0.0031501249759458,1.0,1.0,0.9106333333333333,0.5125
Bank Marketing,5,0.25,FedAvg-Full,24,20,547,938,0.8798511009028988,0.4999549954995499,0.804390254328863,0.4994232987312572,0.8506100037363744,0.4707592879166455,0.0292407120833544,0.0042418095492077,0.0419858329987619,1.0686080615359896,1.0,0.8800555555555556,0.4999549954995499
Bank Marketing,5,0.25,SISA-Retrain,24,20,547,938,0.8798511009028988,0.4999549954995499,0.7905621168977056,0.5,0.8386536056013126,0.4709035132511898,0.0290964867488101,0.1516852870611905,0.0184271670004818,0.469001513166728,1.0,0.8695888888888889,0.4999549954995499
Bank Marketing,5,0.25,FedEraser-proxy,24,20,547,938,0.8798511009028988,0.4999549954995499,0.8042187859946944,0.4994232987312572,0.8501064054453595,0.4706559913932557,0.0293440086067443,7.470823244641214e-07,0.038772624975536,0.9868266664374916,1.0,0.8624111111111111,0.4999549954995499
Bank Marketing,5,0.25,FedRecovery-proxy,24,20,547,938,0.879930302550293,0.50028481080298,0.812535118947251,0.4994232987312572,0.8568318793963319,0.4701628966683948,0.0298371033316052,0.090712206714427,0.0207669580122455,0.5285530180172786,1.0,0.8862,0.4999549954995499
Bank Marketing,5,0.25,Starfish-proxy,24,20,547,938,0.8798511009028988,0.4999549954995499,0.8116514158012107,0.4994232987312572,0.8559871338759198,0.4702506012637257,0.0297493987362742,0.0803442041700812,0.0196021249867044,0.4989061139895952,0.9772,0.6914222222222223,0.4999549954995499
Bank Marketing,5,0.25,MA-ABE-FU,24,20,547,938,0.879930302550293,0.50028481080298,0.812967055280726,0.4994232987312572,0.8572542521565378,0.4701434067583212,0.0298565932416787,0.0945482943683867,0.0235871660115662,0.6003319202810793,0.6350777777777777,0.5069444444444444,0.4999549954995499
Bank Marketing,5,0.25,Oracle-Retrain,24,20,547,938,0.8798511009028988,0.4999549954995499,0.8042189047400782,0.4994232987312572,0.8501226505515214,0.4706559913932557,0.0293440086067443,0.0,0.0392902079911436,1.0,1.0,0.8820444444444444,0.4999549954995499
Bank Marketing,5,0.5,FedAvg-Full,24,21,1093,938,0.8798511009028988,0.4999549954995499,0.804390254328863,0.4994232987312572,0.8506100037363744,0.4710085697509056,0.0289914302490943,0.0088900119754687,0.0419858329987619,0.955186804720792,1.0,0.8967888888888889,0.4999549954995499
Bank Marketing,5,0.5,SISA-Retrain,24,21,1093,938,0.8798511009028988,0.4999549954995499,0.7903013520349397,0.5,0.8378088600809006,0.4708183692698447,0.0291816307301552,0.1515189602830489,0.0208272500021848,0.4738244536268871,1.0,0.9089777777777778,0.4999549954995499
Bank Marketing,5,0.5,FedEraser-proxy,24,21,1093,938,0.8798511009028988,0.4999549954995499,0.8039701331610734,0.4994232987312572,0.8496677875789919,0.4709510219130462,0.0290489780869537,1.1629476669075054e-06,0.0417573750019073,0.9499893357546564,1.0,0.9183111111111111,0.4999549954995499
Bank Marketing,5,0.5,FedRecovery-proxy,24,21,1093,938,0.879930302550293,0.50028481080298,0.8125430748879637,0.4994232987312572,0.8565882028039054,0.4709832096867642,0.0290167903132357,0.0909177274974043,0.020537709002383,0.4672373330987668,1.0,0.9047888888888889,0.4999549954995499
Bank Marketing,5,0.5,Starfish-proxy,24,21,1093,938,0.8798511009028988,0.4999549954995499,0.8116495158750704,0.4994232987312572,0.8558896632389492,0.4709256618489047,0.0290743381510952,0.0806155956971024,0.0205877920088823,0.4683767323563764,0.9870111111111111,0.6678555555555555,0.4999549954995499
Bank Marketing,5,0.5,MA-ABE-FU,24,21,1093,938,0.8800095041976873,0.5006146261064102,0.8129766736568116,0.4994232987312572,0.8572055168380526,0.4709519973001285,0.0290480026998714,0.0947298904267018,0.0256035419879481,0.5824861319703714,0.6526222222222222,0.5241666666666667,0.4999549954995499
Bank Marketing,5,0.5,Oracle-Retrain,24,21,1093,938,0.8798511009028988,0.4999549954995499,0.803970845633376,0.4994232987312572,0.8496677875789919,0.4709519973001285,0.0290480026998714,0.0,0.0439556250057648,1.0,1.0,0.9044555555555556,0.4999549954995499
Bank Marketing,5,1.0,FedAvg-Full,24,21,2186,938,0.8798511009028988,0.4999549954995499,0.804390254328863,0.4994232987312572,0.8506100037363744,0.4722775483450607,0.0277224516549392,0.0184328283559784,0.0419858329987619,1.0528779494887277,1.0,0.9238111111111111,0.4999549954995499
Bank Marketing,5,1.0,SISA-Retrain,24,21,2186,938,0.8798511009028988,0.4999549954995499,0.7889760941793388,0.5,0.8365742320126062,0.4723726485855912,0.0276273514144088,0.1512008555206888,0.020451165997656,0.5128535075367128,1.0,0.9224888888888889,0.4999549954995499
Bank Marketing,5,1.0,FedEraser-proxy,24,21,2186,938,0.8798511009028988,0.4999549954995499,0.8027349436790645,0.4994232987312572,0.8482707084490797,0.4723658208760146,0.0276341791239853,2.492592392391669e-06,0.0401060419972054,1.0057384656717825,1.0,0.9175555555555556,0.4999549954995499
Bank Marketing,5,1.0,FedRecovery-proxy,24,21,2186,938,0.8800095041976873,0.5006146261064102,0.8124116831208187,0.4994232987312572,0.8562633006806699,0.4722468236519663,0.0277531763480337,0.0918015201231412,0.0205298329819925,0.5148262380328081,1.0,0.9255333333333333,0.4999549954995499
Bank Marketing,5,1.0,Starfish-proxy,24,21,2186,938,0.8798511009028988,0.4999549954995499,0.8115419919300637,0.4994232987312572,0.8555810062218756,0.4722087835557541,0.0277912164442459,0.0817227157082534,0.0193353329959791,0.4848717842060807,0.9958333333333333,0.6697444444444445,0.4999549954995499
Bank Marketing,5,1.0,MA-ABE-FU,24,21,2186,938,0.8800095041976873,0.5006146261064102,0.8128521691219254,0.4994232987312572,0.8566531832285524,0.4722497498132134,0.0277502501867866,0.0955375157351513,0.0231864170054905,0.5814453459444593,0.6281666666666667,0.4650888888888889,0.4999549954995499
Bank Marketing,5,1.0,Oracle-Retrain,24,21,2186,938,0.8798511009028988,0.4999549954995499,0.8027361905055941,0.4994232987312572,0.8482707084490797,0.4723672839566382,0.0276327160433618,0.0,0.0398772080079652,1.0,1.0,0.9232777777777778,0.4999549954995499
Bank Marketing,13,0.25,FedAvg-Full,24,23,549,931,0.8803134647352173,0.5006159745039395,0.8093998297726657,0.5,0.8139802579709231,0.4967121159651666,0.0032878840348333,0.0042034234255564,0.0453691250004339,1.0308587628060268,1.0,0.8947888888888889,0.5006159745039395
Bank Marketing,13,0.25,SISA-Retrain,24,23,549,931,0.8801551492123803,0.499955035971223,0.7960035210430466,0.5,0.795215869311552,0.4975142774970212,0.0024857225029787,0.151617151169213,0.0217520000005606,0.4942400764599307,1.0,0.8794666666666666,0.5006159745039395
Bank Marketing,13,0.25,FedEraser-proxy,24,23,549,931,0.8803134647352173,0.5006159745039395,0.8093184606313627,0.5,0.8129553123718818,0.4967238549144133,0.0032761450855867,5.502392014683126e-07,0.0434715829906053,0.9877435868222344,1.0,0.9006666666666666,0.5006159745039395
Bank Marketing,13,0.25,FedRecovery-proxy,24,23,549,931,0.8803134647352173,0.5006159745039395,0.8178313132705997,0.5,0.8252546595603771,0.4960762562143062,0.0039237437856937,0.0905222315505874,0.022290500026429,0.5064756545195124,1.0,0.8918777777777778,0.5006159745039395
Bank Marketing,13,0.25,Starfish-proxy,24,23,549,931,0.8803134647352173,0.5006159745039395,0.8166889356987642,0.5,0.8236778201772368,0.4963129916907804,0.0036870083092195,0.0803019954164218,0.0222009590070229,0.5044411399794028,0.9779222222222222,0.6547333333333333,0.5006159745039395
Bank Marketing,13,0.25,MA-ABE-FU,24,23,549,931,0.8803134647352173,0.5006159745039395,0.8180210359141635,0.5,0.8258380901321392,0.4961271249943751,0.0038728750056248,0.0944965483554684,0.0272449579788371,0.6190488283496239,0.6114,0.5070888888888889,0.5006159745039395
Bank Marketing,13,0.25,Oracle-Retrain,24,23,549,931,0.8803134647352173,0.5006159745039395,0.8093182823206075,0.5,0.8129553123718818,0.4967238549144133,0.0032761450855867,0.0,0.04401099999086,1.0,1.0,0.8876333333333334,0.5006159745039395
Bank Marketing,13,0.5,FedAvg-Full,24,23,1097,931,0.8803134647352173,0.5006159745039395,0.8093998297726657,0.5,0.8139802579709231,0.4884378546313694,0.0115621453686305,0.0087036340728439,0.0453691250004339,1.0318835658021737,1.0,0.9261111111111111,0.5006159745039395
Bank Marketing,13,0.5,SISA-Retrain,24,23,1097,931,0.8801551492123803,0.499955035971223,0.795181983956787,0.5,0.7921725693020909,0.4883967308556585,0.0116032691443415,0.1514777428196947,0.0218073750147596,0.4959908724446439,1.0,0.9093111111111111,0.5006159745039395
Bank Marketing,13,0.5,FedEraser-proxy,24,23,1097,931,0.8803134647352173,0.5006159745039395,0.8085171320973624,0.5,0.8101012330883977,0.4888530089385464,0.0111469910614536,1.1004066985611869e-06,0.0416589580127038,0.9474988583390276,1.0,0.889,0.5006159745039395
Bank Marketing,13,0.5,FedRecovery-proxy,24,23,1097,931,0.8803134647352173,0.5006159745039395,0.8176736271260586,0.5,0.8243243243243243,0.4887286584738967,0.0112713415261033,0.0906808431963276,0.0216502919793128,0.4924181475410399,1.0,0.9010222222222222,0.5006159745039395
Bank Marketing,13,0.5,Starfish-proxy,24,23,1097,931,0.8803134647352173,0.5006159745039395,0.8165472975221938,0.5,0.8230313160301491,0.4887120131361089,0.011287986863891,0.0805153246037577,0.0216452500026207,0.4923034719133363,0.9842444444444445,0.6340888888888889,0.5006159745039395
Bank Marketing,13,0.5,MA-ABE-FU,24,23,1097,931,0.8803134647352173,0.5006159745039395,0.8178791599899194,0.5,0.8247816077454351,0.4887619491494722,0.0112380508505278,0.094627335208028,0.0254237499902956,0.5782423574578145,0.6146444444444444,0.5156,0.5006159745039395
Bank Marketing,13,0.5,Oracle-Retrain,24,23,1097,931,0.8803134647352173,0.5006159745039395,0.8085172509711992,0.5,0.8101012330883977,0.4888520298010295,0.0111479701989705,0.0,0.0439672909851651,1.0,1.0,0.8645111111111111,0.5006159745039395
Bank Marketing,13,1.0,FedAvg-Full,24,24,2193,931,0.8803134647352173,0.5006159745039395,0.8093998297726657,0.5,0.8139802579709231,0.4979960160318717,0.0020039839681282,0.0183542726321187,0.0453691250004339,1.0287559964161992,1.0,0.9266444444444445,0.5006159745039395
Bank Marketing,13,1.0,SISA-Retrain,24,24,2193,931,0.8801551492123803,0.499955035971223,0.7949394813296752,0.5,0.7911949288845438,0.4990671911359403,0.0009328088640597,0.1510973669096798,0.0204913329798728,0.464645982866179,1.0,0.9209444444444445,0.5006159745039395
Bank Marketing,13,1.0,FedEraser-proxy,24,24,2193,931,0.8803134647352173,0.5006159745039395,0.8081901696091903,0.5,0.80945472894131,0.4990123344319367,0.0009876655680632,0.0,0.0422586670028977,0.9582256012072202,1.0,0.9333333333333333,0.5006159745039395
Bank Marketing,13,1.0,FedRecovery-proxy,24,24,2193,931,0.8803134647352173,0.5006159745039395,0.817795235061125,0.5,0.8242139455675045,0.4981449127998812,0.0018550872001187,0.0916772646315152,0.0211735829943791,0.4801161686692259,1.0,0.927,0.5006159745039395
Bank Marketing,13,1.0,Starfish-proxy,24,24,2193,931,0.8803134647352173,0.5006159745039395,0.8166845968037203,0.5,0.8228420953041723,0.4981429536318811,0.0018570463681188,0.0817339840817019,0.0212517500040121,0.4818886247146343,0.9992555555555556,0.7011333333333334,0.5006159745039395
Bank Marketing,13,1.0,MA-ABE-FU,24,24,2193,931,0.8803134647352173,0.5006159745039395,0.8179973205837181,0.5,0.8245450818379639,0.498171851359883,0.0018281486401169,0.0955363969441214,0.0255331250082235,0.5789698491915626,0.6536111111111111,0.46826666666666666,0.5006159745039395
Bank Marketing,13,1.0,Oracle-Retrain,24,24,2193,931,0.8803134647352173,0.5006159745039395,0.8081901696091903,0.5,0.80945472894131,0.4990123344319367,0.0009876655680632,0.0,0.0441009580099489,1.0,1.0,0.9309,0.5006159745039395
Bank Marketing,29,0.25,FedAvg-Full,24,21,549,930,0.8807186955833465,0.499910144667086,0.7988219697184543,0.5,0.7909715830648872,0.5241906104941536,0.0241906104941536,0.0044914308531611,0.0442063749942462,1.0106691841501694,1.0,0.9131222222222222,0.499910144667086
Bank Marketing,29,0.25,SISA-Retrain,24,21,549,930,0.8807978470793097,0.4999550723335429,0.7856246990518023,0.5,0.7755407271053842,0.5241357698258808,0.0241357698258808,0.1516216817670612,0.0217204169894102,0.4965834932392891,1.0,0.8882666666666666,0.499910144667086
Bank Marketing,29,0.25,FedEraser-proxy,24,21,549,930,0.8807978470793097,0.5002423705807073,0.7990123077924276,0.5,0.7906408191440405,0.5242278238047672,0.0242278238047671,2.6797730420786195e-06,0.0428610410017427,0.97991145726598,1.0,0.8709333333333333,0.499910144667086
Bank Marketing,29,0.25,FedRecovery-proxy,24,21,549,930,0.8807978470793097,0.5002423705807073,0.8069905657870894,0.5,0.7996864933271974,0.5240828877529036,0.0240828877529035,0.0908399971592855,0.0224330000055488,0.5128749375310621,1.0,0.8852555555555556,0.499910144667086
Bank Marketing,29,0.25,Starfish-proxy,24,21,549,930,0.8807978470793097,0.5002423705807073,0.8062399006038816,0.5,0.7985072480441786,0.5241181424682217,0.0241181424682217,0.0805197127497528,0.0215935000160243,0.4936818512484339,0.9691222222222222,0.6330222222222223,0.499910144667086
Bank Marketing,29,0.25,MA-ABE-FU,24,21,549,930,0.880876998575273,0.5005745964943286,0.8075872529612705,0.5,0.8003480211688909,0.5240593846093582,0.0240593846093581,0.0947104449311359,0.0271831669961102,0.6214757309132977,0.5972,0.49174444444444443,0.499910144667086
Bank Marketing,29,0.25,Oracle-Retrain,24,21,549,930,0.8807978470793097,0.5002423705807073,0.7990113525197854,0.5,0.7906264381040037,0.5242278238047672,0.0242278238047671,0.0,0.0437397079949732,1.0,1.0,0.9081333333333333,0.499910144667086
Bank Marketing,29,0.5,FedAvg-Full,24,23,1097,930,0.8807186955833465,0.499910144667086,0.7988219697184543,0.5,0.7909715830648872,0.5241362072514483,0.0241362072514482,0.0087931149139583,0.0442063749942462,1.0412085537740048,1.0,0.9010222222222222,0.499910144667086
Bank Marketing,29,0.5,SISA-Retrain,24,23,1097,930,0.8807978470793097,0.4999550723335429,0.7857298984515328,0.5,0.7753825356649793,0.5244880955881632,0.0244880955881632,0.1514545295341046,0.0219297499861568,0.5165192411882618,1.0,0.9019,0.499910144667086
Bank Marketing,29,0.5,FedEraser-proxy,24,23,1097,930,0.8807978470793097,0.5002423705807073,0.7991027004662029,0.5,0.7902237689829729,0.5244978974916928,0.0244978974916928,8.496797997290735e-08,0.0424052500165998,0.9987860132832832,1.0,0.9171,0.499910144667086
Bank Marketing,29,0.5,FedRecovery-proxy,24,23,1097,930,0.8807978470793097,0.5002423705807073,0.8070688384392158,0.5,0.7993701104463875,0.5243636114133364,0.0243636114133364,0.0910518387042119,0.022040374984499,0.5191248313220417,1.0,0.9041555555555556,0.499910144667086
Bank Marketing,29,0.5,Starfish-proxy,24,23,1097,930,0.8807978470793097,0.5002423705807073,0.8063117251656726,0.5,0.7984209618039576,0.524262651806981,0.0242626518069809,0.0808019876621938,0.0216400829958729,0.509696611011759,0.9811555555555556,0.6853666666666667,0.499910144667086
Bank Marketing,29,0.5,MA-ABE-FU,24,23,1097,930,0.880876998575273,0.5005745964943286,0.8076619433409884,0.5,0.8000747814081914,0.5242214838121563,0.0242214838121562,0.0949081356169812,0.0252941669896245,0.5957625576314037,0.6019222222222222,0.4358888888888889,0.499910144667086
Bank Marketing,29,0.5,Oracle-Retrain,24,23,1097,930,0.8807978470793097,0.5002423705807073,0.7991025810571226,0.5,0.7902237689829729,0.5244978974916928,0.0244978974916928,0.0,0.04245679199812,1.0,1.0,0.9254,0.499910144667086
Bank Marketing,29,1.0,FedAvg-Full,24,23,2194,930,0.8807186955833465,0.499910144667086,0.7988219697184543,0.5,0.7909715830648872,0.5212642495172563,0.0212642495172562,0.0185546269574883,0.0442063749942462,1.0431454721794498,1.0,0.9310777777777778,0.499910144667086
Bank Marketing,29,1.0,SISA-Retrain,24,23,2194,930,0.8807978470793097,0.4999550723335429,0.7850257431050958,0.5,0.7735992867004142,0.5220439909430411,0.0220439909430411,0.1510694396662618,0.020749249990331,0.4896236387025725,1.0,0.9351222222222222,0.499910144667086
Bank Marketing,29,1.0,FedEraser-proxy,24,23,2194,930,0.8807978470793097,0.5002423705807073,0.7983884550524818,0.5,0.7883542337781868,0.5220709461777477,0.0220709461777477,1.9095628074081657e-07,0.041701957990881,0.984048311241696,1.0,0.9287222222222222,0.499910144667086
Bank Marketing,29,1.0,FedRecovery-proxy,24,23,2194,930,0.8807978470793097,0.5002423705807073,0.8070631665079023,0.5,0.7987948688449149,0.5216430930886778,0.0216430930886778,0.0920317404381836,0.0213182920124381,0.5030514216618899,1.0,0.9359555555555555,0.499910144667086
Bank Marketing,29,1.0,Starfish-proxy,24,23,2194,930,0.8807978470793097,0.5002423705807073,0.8063323829365618,0.5,0.7980182926829268,0.5215436037678517,0.0215436037678516,0.0820410254170748,0.0204868329747114,0.4834313390240299,0.9962888888888889,0.7189222222222222,0.499910144667086
Bank Marketing,29,1.0,MA-ABE-FU,24,23,2194,930,0.880876998575273,0.5005745964943286,0.8076758544988416,0.5,0.7993988725264611,0.5215597769086756,0.0215597769086756,0.0958335425919747,0.0252536670013796,0.5959151455382959,0.6424666666666666,0.5125888888888889,0.499910144667086
Bank Marketing,29,1.0,Oracle-Retrain,24,23,2194,930,0.8807978470793097,0.5002423705807073,0.7983883953479416,0.5,0.7883542337781868,0.5220709461777477,0.0220709461777477,0.0,0.0423779579869005,1.0,1.0,0.9158111111111111,0.499910144667086
